<?xml version="1.0" encoding="utf-8" ?><dwsync><file name="banner-logo-2.svg" server="77.104.154.86" local="3575054850" remote="3588607140" Dst="-1" /><file name="index.html" server="77.104.154.86" local="3588270012" remote="3588607140" Dst="-1" /><file name="Under-Construction.jpg" server="77.104.154.86" local="3588265629" remote="3588607140" Dst="-1" /><file name="index.html" server="Evans Mac/Users/evanmarshall/Desktop/careforce/" local="3588616603" remote="3588616603" Dst="-1" /><file name="banner-logo-2.svg" server="77.104.154.86/public_html/careforce.ca/" local="3575054850" remote="3588657660" Dst="-1" /><file name="index.html" server="77.104.154.86/public_html/careforce.ca/" local="3588669839" remote="3588662640" Dst="-1" /><file name="Under-Construction.jpg" server="77.104.154.86/public_html/careforce.ca/" local="3588265629" remote="3588657660" Dst="-1" /><file name="brand-logo-trans-2.svg" server="77.104.154.86/public_html/careforce.ca/" local="3587675247" remote="3588657660" Dst="-1" /><file name="brand-logo-trans-2.png" server="77.104.154.86/public_html/careforce.ca/" local="3588669812" remote="3588662760" Dst="-1" /><file name="banner-logo-2.png" server="77.104.154.86/public_html/careforce.ca/" local="3588669795" remote="3588662760" Dst="-1" /></dwsync>